,NAME,REGION,SUBREGION,datasets
0,Antigua and Barbuda,Americas,Carribean,"['V2024S1T5: [Nov 2000-July 2024](https://scholar.colorado.edu/concern/datasets/st74cs33x)', 'f_file_name: antigua_and_barbuda_s3t8']"
1,Algeria,Africa,Northern Africa,"['V2022: [2001-2021](https://scholar.colorado.edu/concern/datasets/8910jv77j)', 'V2024S1T5: [Nov 2000-July 2024](https://scholar.colorado.edu/concern/datasets/bc386k800)', 'f_file_name: algeria_s5t11']"
2,Azerbaijan,Asia,Western Asia,"['V2022: [2001-2021](https://scholar.colorado.edu/concern/datasets/gf06g385j)', 'V2024S1T5: [Nov 2000-July 2024](https://scholar.colorado.edu/concern/datasets/qb98mg90m)', 'f_file_name: azerbaijan_s3t8']"
3,Albania,Europe,Southern Europe,"['V2022: [2001-2021](https://scholar.colorado.edu/concern/datasets/7h149r07z)', 'V2024S1T5: [Nov 2000-July 2024](https://scholar.colorado.edu/concern/datasets/wp988m53f)', 'f_file_name: albania_s5t11']"
4,Armenia,Asia,Western Asia,"['V2022: [2001-2021](https://scholar.colorado.edu/concern/datasets/gf06g385j)', 'V2024S1T5: [Nov 2000-July 2024](https://scholar.colorado.edu/concern/datasets/7h149r64k)', 'f_file_name: armenia_s3t8']"
5,Angola,Africa,Middle Africa,"['V2022: [2001-2021](https://scholar.colorado.edu/concern/datasets/t435gf21z)', 'V2024S1T5: [Nov 2000-July 2024](https://scholar.colorado.edu/concern/datasets/d504rn23b)', 'f_file_name: angola_s1t1']"
6,American Samoa,Oceania,Polynesia,['f_file_name: american_samoa_s3t8']
7,Argentina,Americas,South America,"['V2022: [2001-2021](https://scholar.colorado.edu/concern/datasets/5t34sk58k)', 'V2024S1T5: [Nov 2000-July 2024](https://scholar.colorado.edu/concern/datasets/td96k4315)', 'f_file_name: argentina_s1t2']"
8,Bahrain,Asia,Western Asia,"['V2024S1T5: [Nov 2000-July 2024](https://scholar.colorado.edu/concern/datasets/c534fq70v)', 'f_file_name: bahrain_s1t2']"
9,Barbados,Americas,Carribean,"['V2022: [2001-2021](https://scholar.colorado.edu/concern/datasets/x633f230f)', 'V2024S1T5: [Nov 2000-July 2024](https://scholar.colorado.edu/concern/datasets/m613n033c)', 'f_file_name: barbados_s3t8']"
10,Bermuda,Americas,Northern America,['f_file_name: bermuda_s3t8']
11,Bahamas,Americas,Carribean,"['V2022: [2001-2021](https://scholar.colorado.edu/concern/datasets/x633f230f)', 'V2024S1T5: [Nov 2000-July 2024](https://scholar.colorado.edu/concern/datasets/t722hb658)', 'f_file_name: the_bahamas_s3t8']"
12,Bangladesh,Asia,Southern Asia,"['V2022: [2001-2021](https://scholar.colorado.edu/concern/datasets/d791sh33k)', 'V2024S1T5: [Nov 2000-July 2024](https://scholar.colorado.edu/concern/datasets/5d86p199z)', 'f_file_name: bangladesh_s1t2']"
13,Belize,Americas,Central America,"['V2022: [2001-2021](https://scholar.colorado.edu/concern/datasets/vd66w1102)', 'V2024S1T5: [Nov 2000-July 2024](https://scholar.colorado.edu/concern/datasets/q524jq679)', 'f_file_name: belize_s3t8']"
14,Bosnia and Herzegovina,Europe,Southern Europe,"['V2022: [2001-2021](https://scholar.colorado.edu/concern/datasets/7h149r07z)', 'V2024S1T5: [Nov 2000-July 2024](https://scholar.colorado.edu/concern/datasets/dz010s09q)', 'f_file_name: bosnia_and_herzegovina_s5t11']"
15,Bolivia,Americas,South America,"['V2022: [2001-2021](https://scholar.colorado.edu/concern/datasets/b2773w83t)', 'V2024S1T5: [Nov 2000-Dec 2024](https://scholar.colorado.edu/concern/datasets/2f75r992r)', 'f_file_name: bolivia_s1t2']"
16,Burma,Asia,South-Eastern Asia,"['V2022: [2001-2021](https://scholar.colorado.edu/concern/datasets/pk02cb86p)', 'V2024S1T5: [Nov 2000-July 2024](https://scholar.colorado.edu/concern/datasets/bv73c2197)', 'f_file_name: myanmar_s1t2']"
17,Benin,Africa,Western Africa,"['V2022: [2001-2021](https://scholar.colorado.edu/concern/datasets/z603qz58m)', 'V2024S1T5: [Nov 2000-July 2024](https://scholar.colorado.edu/concern/datasets/fb494b180)', 'f_file_name: benin_s1t1']"
18,Solomon Islands,Oceania,Melanesia,"['V2024S1T5: [Nov 2000-July 2024](https://scholar.colorado.edu/concern/datasets/6t053h70v)', 'f_file_name: solomon_islands_s3t8']"
19,Brazil,Americas,South America,"['V2022: [2001-2021](https://scholar.colorado.edu/concern/datasets/05741s90q)', 'V2024S1T5: [Nov 2000-July 2024](https://scholar.colorado.edu/concern/datasets/b8515q25m)', 'f_file_name: brazil_s1t2']"
20,Bulgaria,Europe,Eastern Europe,"['V2022: [2001-2021](https://scholar.colorado.edu/concern/datasets/7h149r07z)', 'f_file_name: bulgaria_s5t11']"
21,Brunei Darussalam,Asia,South-Eastern Asia,"['V2022: [2001-2021](https://scholar.colorado.edu/concern/datasets/mp48sd92p)', 'V2024S1T5: [Nov 2000-July 2024](https://scholar.colorado.edu/concern/datasets/0v8382100)', 'f_file_name: brunei_s1t2']"
22,Canada,Americas,Northern America,"['V2022: [2001-2021](https://scholar.colorado.edu/concern/datasets/gf06g388c)', 'V2024S1T5: [2001-2024](https://scholar.colorado.edu/concern/datasets/0p096866d)', 'f_file_name: canada_s5t11']"
23,Cambodia,Asia,South-Eastern Asia,"['V2024S1T5: [Nov 2000-July 2024](https://scholar.colorado.edu/concern/datasets/2r36v0354)', 'f_file_name: cambodia_s1t2']"
24,Sri Lanka,Asia,Southern Asia,"['V2022: [2001-2021](https://scholar.colorado.edu/concern/datasets/9z9030982)', 'V2024S1T5: [Nov 2000-July 2024](https://scholar.colorado.edu/concern/datasets/ws859h30c)', 'f_file_name: sri_lanka_s3t8']"
25,Congo,Africa,Middle Africa,"['V2022: [2001-2021](https://scholar.colorado.edu/concern/datasets/nk322f305)', 'V2024S1T5: [Nov 2000-July 2024](https://scholar.colorado.edu/concern/datasets/t435gf783)', 'f_file_name: republic_of_the_congo_s1t1']"
26,Democratic Republic of the Congo,Africa,Middle Africa,"['V2022: [2001-2021](https://scholar.colorado.edu/concern/datasets/5425kb88g)', 'f_file_name: [Nov 2000-Dec 2024 (s1t1)](https://scholar.colorado.edu/concern/datasets/4b29b780c)']"
27,Burundi,Africa,Eastern Africa,"['V2022: [2001-2021](https://scholar.colorado.edu/concern/datasets/3f462659h)', 'V2024S1T5: [Nov 2000-July 2024](https://scholar.colorado.edu/concern/datasets/vt150k986)', 'f_file_name: burundi_s1t1']"
28,China,Asia,Eastern Asia,"['V2022: [2001-2021](https://scholar.colorado.edu/concern/datasets/qz20st810)', 'V2024S1T5: [Nov 2000-July 2024](https://scholar.colorado.edu/concern/datasets/tt44pp77n)', 'f_file_name: china_s3t8']"
29,Afghanistan,Asia,Southern Asia,"['V2022: [2001-2021](https://scholar.colorado.edu/concern/datasets/47429b07v)', 'V2024S1T5: [Nov 2000-July 2024](https://scholar.colorado.edu/concern/datasets/rj4306237)', 'f_file_name: afghanistan_s3t8']"
30,Bhutan,Asia,Southern Asia,"['V2022: [2001-2021](https://scholar.colorado.edu/concern/datasets/n009w342h)', 'V2024S1T5: [Nov 2000-July 2024](https://scholar.colorado.edu/concern/datasets/2b88qd74k)', 'f_file_name: bhutan_s3t8']"
31,Chile,Americas,South America,"['V2022: [2001-2021](https://scholar.colorado.edu/concern/datasets/qr46r2052)', 'V2024S1T5: [Nov 2000-July 2024](https://scholar.colorado.edu/concern/datasets/g732db604)', 'f_file_name: chile_s3t8']"
32,Cayman Islands,Americas,Carribean,"['V2022: [2001-2021](https://scholar.colorado.edu/concern/datasets/x633f230f)', 'V2024S1T5: [Nov 2000-July 2024](https://scholar.colorado.edu/concern/datasets/0r967557n)', 'f_file_name: cayman_islands_s3t8']"
33,Cameroon,Africa,Middle Africa,"['V2022: [2001-2021](https://scholar.colorado.edu/concern/datasets/x920fz208)', 'V2024S1T5: [Nov 2000-July 2024](https://scholar.colorado.edu/concern/datasets/d217qr28g)', 'f_file_name: cameroon_s1t1']"
34,Chad,Africa,Middle Africa,"['V2022: [2001-2021](https://scholar.colorado.edu/concern/datasets/707958762)', 'V2024S1T5: [Nov 2000-July 2024](https://scholar.colorado.edu/concern/datasets/s4655j45w)', 'f_file_name: chad_s1t1']"
35,Comoros,Africa,Eastern Africa,"['V2024S1T5: [Nov 2000-July 2024](https://scholar.colorado.edu/concern/datasets/s7526f22t)', 'f_file_name: comoros_s1t1']"
36,Colombia,Americas,South America,"['V2022: [2001-2021](https://scholar.colorado.edu/concern/datasets/mp48sd91d)', 'V2024S1T5: [Nov 2000-July 2024](https://scholar.colorado.edu/concern/datasets/8c97ks03f)', 'f_file_name: colombia_s1t2']"
37,Costa Rica,Americas,Central America,"['V2022: [2001-2021](https://scholar.colorado.edu/concern/datasets/vd66w1102)', 'V2024S1T5: [Nov 2000-July 2024](https://scholar.colorado.edu/concern/datasets/mc87pr85g)', 'f_file_name: costa_rica_s3t8']"
38,Central African Republic,Africa,Middle Africa,"['V2022: [2001-2021](https://scholar.colorado.edu/concern/datasets/pv63g1576)', 'V2024S1T5: [Nov 2000-July 2024](https://scholar.colorado.edu/concern/datasets/zp38wf351)', 'f_file_name: central_african_republic_s1t1']"
39,Cuba,Americas,Carribean,"['V2022: [2001-2021](https://scholar.colorado.edu/concern/datasets/x633f230f)', 'V2024S1T5: [Nov 2000-July 2024](https://scholar.colorado.edu/concern/datasets/5712m8365)', 'f_file_name: cuba_s3t8']"
40,Cape Verde,Africa,Western Africa,"['V2024S1T5: [Nov 2000-July 2024](https://scholar.colorado.edu/concern/datasets/v692t782j)', 'f_file_name: cabo_verde_s1t1']"
41,Cook Islands,Oceania,Polynesia,['f_file_name: cook_islands_s3t8']
42,Denmark,Europe,Northern Europe,"['V2022: [2001-2021](https://scholar.colorado.edu/concern/datasets/sb397945f)', 'f_file_name: denmark_s5t11']"
43,Djibouti,Africa,Eastern Africa,"['V2022: [2001-2021](https://scholar.colorado.edu/concern/datasets/1831cm01x)', 'V2024S1T5: [Nov 2000-July 2024](https://scholar.colorado.edu/concern/datasets/rf55z935n)', 'f_file_name: djibouti_s5t11']"
44,Dominica,Americas,Carribean,"['V2024S1T5: [Nov 2000-July 2024](https://scholar.colorado.edu/concern/datasets/hd76s170r)', 'f_file_name: dominica_s3t8']"
45,Dominican Republic,Americas,Carribean,"['V2022: [2001-2021](https://scholar.colorado.edu/concern/datasets/x633f230f)', 'V2024S1T5: [Nov 2000-July 2024](https://scholar.colorado.edu/concern/datasets/1j92g9289)', 'f_file_name: dominican_republic_s3t8']"
46,Ecuador,Americas,South America,"['V2022: [2001-2021](https://scholar.colorado.edu/concern/datasets/pc289k34n)', 'V2024S1T5: [Nov 2000-July 2024](https://scholar.colorado.edu/concern/datasets/5138jg700)', 'f_file_name: ecuador_s1t2']"
47,Egypt,Africa,Northern Africa,"['V2022: [2001-2021](https://scholar.colorado.edu/concern/datasets/5d86p139h)', 'V2024S1T5: [Nov 2000-July 2024](https://scholar.colorado.edu/concern/datasets/vm40xt27j)', 'f_file_name: egypt_s5t11']"
48,Ireland,Europe,Northern Europe,"['V2022: [2001-2021](https://scholar.colorado.edu/concern/datasets/pc289k33c)', 'V2024S1T5: [Nov 2000-Dec 2024](https://scholar.colorado.edu/concern/datasets/4m90dx459)', 'f_file_name: ireland_s5t11']"
49,Equatorial Guinea,Africa,Middle Africa,"['V2022: [2001-2021](https://scholar.colorado.edu/concern/datasets/vx021g32b)', 'V2024S1T5: [Nov 2000-July 2024](https://scholar.colorado.edu/concern/datasets/j67315565)', 'f_file_name: equatorial_guinea_s3t8']"
50,Estonia,Europe,Northern Europe,"['V2022: [2001-2021](https://scholar.colorado.edu/concern/datasets/7h149r07z)', 'V2024S1T5: [Nov 2000-July 2024](https://scholar.colorado.edu/concern/datasets/73666649m)', 'f_file_name: estonia_s5t11']"
51,Eritrea,Africa,Eastern Africa,"['V2022: [2001-2021](https://scholar.colorado.edu/concern/datasets/5m60qt182)', 'V2024S1T5: [Nov 2000-July 2024](https://scholar.colorado.edu/concern/datasets/jd472x93p)', 'f_file_name: eritrea_s1t1']"
52,El Salvador,Americas,Central America,"['V2022: [2001-2021](https://scholar.colorado.edu/concern/datasets/vd66w1102)', 'V2024S1T5: [Nov 2000-July 2024](https://scholar.colorado.edu/concern/datasets/m613n034n)', 'f_file_name: el_salvador_s3t8']"
53,Ethiopia,Africa,Eastern Africa,"['V2022: [2001-2021](https://scholar.colorado.edu/concern/datasets/z316q2977)', 'V2024S1T5: [Nov 2000-Dec 2024](https://scholar.colorado.edu/concern/datasets/0c483m44k)', 'f_file_name: ethiopia_s1t1']"
54,Austria,Europe,Western Europe,"['V2022: [2001-2021](https://scholar.colorado.edu/concern/datasets/v692t736f)', 'f_file_name: austria_s5t11']"
55,Czech Republic,Europe,Eastern Europe,"['V2022: [2001-2021](https://scholar.colorado.edu/concern/datasets/7h149r07z)', 'V2024S1T5: [Nov 2000-July 2024](https://scholar.colorado.edu/concern/datasets/fq977w613)', 'f_file_name: czechia_s5t11']"
56,French Guiana,Americas,South America,"['V2022: [2001-2021](https://scholar.colorado.edu/concern/datasets/qv33rx839)', 'f_file_name: french_guiana_s3t8']"
57,Finland,Europe,Northern Europe,"['V2022: [2001-2021](https://scholar.colorado.edu/concern/datasets/6395w836j)', 'V2024S1T5: [Nov 2000-July 2024](https://scholar.colorado.edu/concern/datasets/pk02cc33v)', 'f_file_name: finland_s5t11']"
58,Fiji,Oceania,Melanesia,['f_file_name: fiji_s3t8']
59,Falkland Islands (Malvinas),Americas,South America,['f_file_name: falkland_islands_s3t8']
60,Federated States of Micronesia,Oceania,Micronesia,['f_file_name: federated_states_of_micronesia_s3t8']
61,French Polynesia,Oceania,Polynesia,['f_file_name: french_polynesia_s3t8']
62,France,Europe,Western Europe,"['V2022: [2001-2021](https://scholar.colorado.edu/concern/datasets/v692t736f)', 'f_file_name: france_s5t11']"
63,Gambia,Africa,Western Africa,"['V2022: [2001-2021](https://scholar.colorado.edu/concern/datasets/pn89d7911)', 'V2024S1T5: [Nov 2000-Dec 2024](https://scholar.colorado.edu/concern/datasets/3t945s634)', 'f_file_name: gambia_s1t1']"
64,Gabon,Africa,Middle Africa,"['V2022: [2001-2021](https://scholar.colorado.edu/concern/datasets/2z10wr67h)', 'V2024S1T5: [Nov 2000-July 2024](https://scholar.colorado.edu/concern/datasets/5x21th08t)', 'f_file_name: gabon_s1t1']"
65,Georgia,Asia,Western Asia,"['V2022: [2001-2021](https://scholar.colorado.edu/concern/datasets/gf06g385j)', 'f_file_name: georgia_s3t8']"
66,Ghana,Africa,Western Africa,"['V2022: [2001-2021](https://scholar.colorado.edu/concern/datasets/2r36tz735)', 'V2024S1T5: [Nov 2000-Dec 2024](https://scholar.colorado.edu/concern/datasets/79408001x)', 'f_file_name: ghana_s1t1']"
67,Grenada,Americas,Carribean,"['V2024S1T5: [Nov 2000-July 2024](https://scholar.colorado.edu/concern/datasets/9880vs50z)', 'f_file_name: grenada_s3t8']"
68,Greenland,Americas,Northern America,"['V2024S1T5: [Nov 2000-July 2024](https://scholar.colorado.edu/concern/datasets/bv73c218z)', 'f_file_name: greenland_s3t8']"
69,Germany,Europe,Western Europe,"['V2022: [2001-2021](https://scholar.colorado.edu/concern/datasets/v692t736f)', 'V2024S1T5: [Nov 2000-July 2024](https://scholar.colorado.edu/concern/datasets/6w924d770)', 'f_file_name: germany_s5t11']"
70,Guam,Oceania,Micronesia,['f_file_name: guam_s3t8']
71,Greece,Europe,Southern Europe,"['V2022: [2001-2021](https://scholar.colorado.edu/concern/datasets/bc386k355)', 'V2024S1T5: [Nov 2000-July 2024](https://scholar.colorado.edu/concern/datasets/z316q349s)', 'f_file_name: greece_s5t11']"
72,Guatemala,Americas,Central America,"['V2022: [2001-2021](https://scholar.colorado.edu/concern/datasets/vd66w1102)', 'V2024S1T5: [Nov 2000-July 2024](https://scholar.colorado.edu/concern/datasets/nv935460v)', 'f_file_name: guatemala_s3t8']"
73,Guinea,Africa,Western Africa,"['V2022: [2001-2021](https://scholar.colorado.edu/concern/datasets/05741s910)', 'V2024S1T5: [Nov 2000-July 2024](https://scholar.colorado.edu/concern/datasets/02870x464)', 'f_file_name: guinea_s1t1']"
74,Guyana,Americas,South America,"['V2022: [2001-2021](https://scholar.colorado.edu/concern/datasets/qv33rx839)', 'V2024S1T5: [Nov 2000-July 2024](https://scholar.colorado.edu/concern/datasets/5h73pz00k)', 'f_file_name: guyana_s3t8']"
75,Haiti,Americas,Carribean,"['V2022: [2001-2021](https://scholar.colorado.edu/concern/datasets/x633f230f)', 'V2024S1T5: [Nov 2000-July 2024](https://scholar.colorado.edu/concern/datasets/707959237)', 'f_file_name: haiti_s3t8']"
76,Honduras,Americas,Central America,"['V2022: [2001-2021](https://scholar.colorado.edu/concern/datasets/vd66w1102)', 'V2024S1T5: [Nov 2000-July 2024](https://scholar.colorado.edu/concern/datasets/n296x082p)', 'f_file_name: honduras_s3t8']"
77,Croatia,Europe,Southern Europe,"['V2024S1T5: [Nov 2000-July 2024](https://scholar.colorado.edu/concern/datasets/kh04dr144)', 'f_file_name: croatia_s5t11']"
78,Hungary,Europe,Eastern Europe,"['V2022: [2001-2021](https://scholar.colorado.edu/concern/datasets/7h149r07z)', 'V2024S1T5: [Nov 2000-Dec 2024](https://scholar.colorado.edu/concern/datasets/bc386m008)', 'f_file_name: hungary_s5t11']"
79,Iceland,Europe,Northern Europe,"['V2022: [2001-2021](https://scholar.colorado.edu/concern/datasets/sb397945f)', 'f_file_name: iceland_s5t11']"
80,India,Asia,Southern Asia,"['V2022: [2001-2021](https://scholar.colorado.edu/concern/datasets/ht24wk47t)', 'V2024S1T5: [Nov 2000-Dec 2024](https://scholar.colorado.edu/concern/datasets/cv43nz55k)', 'f_file_name: india_s1t2']"
81,Iran (Islamic Republic of),Asia,Southern Asia,"['V2024S1T5: [Nov 2000-July 2024](https://scholar.colorado.edu/concern/datasets/00000172f)', 'f_file_name: iran_s3t8']"
82,Israel,Asia,Western Asia,"['V2022: [2001-2021](https://scholar.colorado.edu/concern/datasets/5d86p139h)', 'V2024S1T5: [Nov 2000-July 2024](https://scholar.colorado.edu/concern/datasets/5m60qt777)', 'f_file_name: israel_s3t8']"
83,Italy,Europe,Southern Europe,"['V2022: [2001-2021](https://scholar.colorado.edu/concern/datasets/v979v416g)', 'V2024S1T5: [Nov 2000-July 2024](https://scholar.colorado.edu/concern/datasets/tb09j7441)', 'f_file_name: italy_s5t11']"
84,Cote d'Ivoire,Africa,Western Africa,"['V2022: [2001-2021](https://scholar.colorado.edu/concern/datasets/vq27zp62f)', 'V2024S1T5: [Nov 2000-Dec 2024](https://scholar.colorado.edu/concern/datasets/rj430651d)', 'f_file_name: ivory_coast_s1t1']"
85,Iraq,Asia,Western Asia,"['V2022: [2001-2021](https://scholar.colorado.edu/concern/datasets/5d86p139h)', 'V2024S1T5: [Nov 2000-Dec 2024](https://scholar.colorado.edu/concern/datasets/w95052166)', 'f_file_name: iraq_s3t8']"
86,Japan,Asia,Eastern Asia,"['V2022: [2001-2021](https://scholar.colorado.edu/concern/datasets/dz010r34v)', 'V2024S1T5: [Nov 2000-July 2024](https://scholar.colorado.edu/concern/datasets/zk51vj85q)', 'f_file_name: japan_s3t8']"
87,Jamaica,Americas,Carribean,"['V2022: [2001-2021](https://scholar.colorado.edu/concern/datasets/x633f230f)', 'V2024S1T5: [Nov 2000-July 2024](https://scholar.colorado.edu/concern/datasets/xg94hr218)', 'f_file_name: jamaica_s3t8']"
88,Jordan,Asia,Western Asia,"['V2022: [2001-2021](https://scholar.colorado.edu/concern/datasets/5d86p139h)', 'f_file_name: jordan_s5t11']"
89,Kenya,Africa,Eastern Africa,"['V2022: [2001-2021](https://scholar.colorado.edu/concern/datasets/1j92g871c)', 'V2024S1T5: [Nov 2000-July 2024](https://scholar.colorado.edu/concern/datasets/v405sc03w)', 'f_file_name: kenya_s1t1']"
90,Kyrgyzstan,Asia,Central Asia,"['V2022: [2001-2021](https://scholar.colorado.edu/concern/datasets/47429b07v)', 'V2024S1T5: [Nov 2000-July 2024](https://scholar.colorado.edu/concern/datasets/3197xn61c)', 'f_file_name: kyrgyzstan_s3t8']"
91,Democratic People's Republic of Korea,Asia,Eastern Asia,"['V2022: [2001-2021](https://scholar.colorado.edu/concern/datasets/3j333327g)', 'V2024S1T5: [Nov 2000-July 2024](https://scholar.colorado.edu/concern/datasets/f7623f59q)', 'f_file_name: north_korea_s3t8']"
92,Kiribati,Oceania,Micronesia,['f_file_name: kiribati_s3t8']
93,Republic of Korea,Asia,Eastern Asia,"['V2022: [2001-2021](https://scholar.colorado.edu/concern/datasets/pg15bg177)', 'V2024S1T5: [Nov 2000-July 2024](https://scholar.colorado.edu/concern/datasets/kw52j990z)', 'f_file_name: south_korea_s3t8']"
94,Kuwait,Asia,Western Asia,"['V2024S1T5: [Nov 2000-July 2024](https://scholar.colorado.edu/concern/datasets/z316q350j)', 'f_file_name: kuwait_s5t11']"
95,Kazakhstan,Asia,Central Asia,"['V2022: [2001-2021](https://scholar.colorado.edu/concern/datasets/47429b07v)', 'V2024S1T5: [Nov 2000-July 2024](https://scholar.colorado.edu/concern/datasets/1r66j289k)', 'f_file_name: kazakhstan_s3t8']"
96,Lao People's Democratic Republic,Asia,South-Eastern Asia,"['V2022: [2001-2021](https://scholar.colorado.edu/concern/datasets/bz60cx389)', 'V2024S1T5: [Nov 2000-July 2024](https://scholar.colorado.edu/concern/datasets/gq67js85b)', 'f_file_name: laos_s1t2']"
97,Lebanon,Asia,Western Asia,"['V2022: [2001-2021](https://scholar.colorado.edu/concern/datasets/5d86p139h)', 'V2024S1T5: [Nov 2000-July 2024](https://scholar.colorado.edu/concern/datasets/qj72p8661)', 'f_file_name: lebanon_s5t11']"
98,Latvia,Europe,Northern Europe,"['V2022: [2001-2021](https://scholar.colorado.edu/concern/datasets/7h149r07z)', 'V2024S1T5: [Nov 2000-July 2024](https://scholar.colorado.edu/concern/datasets/fn1070711)', 'f_file_name: latvia_s5t11']"
99,Belarus,Europe,Eastern Europe,"['V2022: [2001-2021](https://scholar.colorado.edu/concern/datasets/7h149r07z)', 'V2024S1T5: [Nov 2000-July 2024](https://scholar.colorado.edu/concern/datasets/r781wh632)', 'f_file_name: belarus_s5t11']"
100,Lithuania,Europe,Northern Europe,"['V2022: [2001-2021](https://scholar.colorado.edu/concern/datasets/7h149r07z)', 'V2024S1T5: [Nov 2000-July 2024](https://scholar.colorado.edu/concern/datasets/qb98mg925)', 'f_file_name: lithuania_s5t11']"
101,Liberia,Africa,Western Africa,"['V2022: [2001-2021](https://scholar.colorado.edu/concern/datasets/6h440t58k)', 'V2024S1T5: [Nov 2000-July 2024](https://scholar.colorado.edu/concern/datasets/qv33rz453)', 'f_file_name: liberia_s1t1']"
102,Slovakia,Europe,Eastern Europe,"['V2022: [2001-2021](https://scholar.colorado.edu/concern/datasets/7h149r07z)', 'V2024S1T5: [Nov 2000-July 2024](https://scholar.colorado.edu/concern/datasets/cr56n2793)', 'f_file_name: slovakia_s5t11']"
103,Liechtenstein,Europe,Western Europe,"['V2024S1T5: [Nov 2000-July 2024](https://scholar.colorado.edu/concern/datasets/f7623f56w)', 'f_file_name: liechtenstein_s5t11']"
104,Libyan Arab Jamahiriya,Africa,Northern Africa,"['V2022: [2001-2021](https://scholar.colorado.edu/concern/datasets/8910jv77j)', 'V2024S1T5: [Nov 2000-July 2024](https://scholar.colorado.edu/concern/datasets/z890rv992)', 'f_file_name: libya_s5t11']"
105,Madagascar,Africa,Eastern Africa,"['V2022: [2001-2021](https://scholar.colorado.edu/concern/datasets/fb494955x)', 'V2024S1T5: [Nov 2000-July 2024](https://scholar.colorado.edu/concern/datasets/pv63g217f)', 'f_file_name: madagascar_s1t1']"
106,Martinique,Americas,Carribean,"['V2022: [Nov 2001-Mar 2021](https://scholar.colorado.edu/concern/datasets/x633f230f)', 'f_file_name: guadelopupe_and_martinique_s3t8']"
107,Mongolia,Asia,Eastern Asia,"['V2022: [2001-2021](https://scholar.colorado.edu/concern/datasets/4x51hk21h)', 'V2024S1T5: [Nov 2000-July 2024](https://scholar.colorado.edu/concern/datasets/5t34sm20v)', 'f_file_name: mongolia_s5t11']"
108,Montserrat,Americas,Carribean,"['V2022: [2001-2021](https://scholar.colorado.edu/concern/datasets/x633f230f)', 'V2024S1T5: [Nov 2000-July 2024](https://scholar.colorado.edu/concern/datasets/3r074w69k)', 'f_file_name: montserrat_s3t8']"
109,The former Yugoslav Republic of Macedonia,Europe,Southern Europe,"['V2022: [2001-2021](https://scholar.colorado.edu/concern/datasets/7h149r07z)', 'V2024S1T5: [Nov 2000-July 2024](https://scholar.colorado.edu/concern/datasets/g158bj86s)', 'f_file_name: macedonia_s5t11']"
110,Mali,Africa,Western Africa,"['V2022: [2001-2021](https://scholar.colorado.edu/concern/datasets/pr76f4544)', 'V2024S1T5: [Nov 2000-July 2024](https://scholar.colorado.edu/concern/datasets/td96k433q)', 'f_file_name: mali_s1t1']"
111,Morocco,Africa,Northern Africa,"['V2022: [2001-2021](https://scholar.colorado.edu/concern/datasets/td96k3751)', 'V2024S1T5: [Nov 2000-July 2024](https://scholar.colorado.edu/concern/datasets/qj72p8679)', 'f_file_name: morocco_s5t11']"
112,Mauritius,Africa,Eastern Africa,"['V2024S1T5: [Nov 2000-July 2024](https://scholar.colorado.edu/concern/datasets/1831cm54z)', 'f_file_name: mauritius_s3t8']"
113,Mauritania,Africa,Western Africa,"['V2022: [2001-2021](https://scholar.colorado.edu/concern/datasets/x059c864s)', 'V2024S1T5: [Nov 2000-July 2024](https://scholar.colorado.edu/concern/datasets/v979v479r)', 'f_file_name: mauritania_s5t11']"
114,Malta,Europe,Southern Europe,"['V2024S1T5: [Nov 2000-July 2024](https://scholar.colorado.edu/concern/datasets/sx61dp12d)', 'f_file_name: malta_s5t11']"
115,Oman,Asia,Western Asia,"['V2022: [2001-2021](https://scholar.colorado.edu/concern/datasets/5d86p139h)', 'V2024S1T5: [Nov 2000-July 2024](https://scholar.colorado.edu/concern/datasets/nz806134g)', 'f_file_name: oman_s5t11']"
116,Maldives,Asia,Southern Asia,['f_file_name: maldives_s3t8']
117,Mexico,Americas,Central America,"['V2022: [2001-2021](https://scholar.colorado.edu/concern/datasets/vd66w1102)', 'V2024S1T5: [Nov 2000-July 2024](https://scholar.colorado.edu/concern/datasets/5x21th07j)', 'f_file_name: mexico_s3t8']"
118,Malaysia,Asia,South-Eastern Asia,"['V2022: [2001-2021](https://scholar.colorado.edu/concern/datasets/fq977w13f)', 'V2024S1T5: [Nov 2000-July 2024](https://scholar.colorado.edu/concern/datasets/3484zj46h)', 'f_file_name: malaysia_s1t2']"
119,Mozambique,Africa,Eastern Africa,"['V2022: [2001-2021](https://scholar.colorado.edu/concern/datasets/1n79h5504)', 'V2024S1T5: [Nov 2000-July 2024](https://scholar.colorado.edu/concern/datasets/2n49t338q)', 'f_file_name: mozambique_s1t1']"
120,Malawi,Africa,Eastern Africa,"['V2022: [2001-2021](https://scholar.colorado.edu/concern/datasets/5999n464m)', 'V2024S1T5: [Nov 2000-July 2024](https://scholar.colorado.edu/concern/datasets/t722hb67t)', 'f_file_name: malawi_s1t1']"
121,New Caledonia,Oceania,Melanesia,"['V2024S1T5: [Nov 2000-July 2024](https://scholar.colorado.edu/concern/datasets/8w32r765q)', 'f_file_name: new_caledonia_s3t8']"
122,Niue,Oceania,Polynesia,['f_file_name: niue_s3t8']
123,Niger,Africa,Western Africa,"['V2022: [2001-2021](https://scholar.colorado.edu/concern/datasets/m039k605q)', 'V2024S1T5: [Nov 2000-July 2024](https://scholar.colorado.edu/concern/datasets/qn59q5683)', 'f_file_name: niger_s1t1']"
124,Aruba,Americas,Carribean,"['V2024S1T5: [Nov 2000-July 2024](https://scholar.colorado.edu/concern/datasets/9880vs496)', 'f_file_name: aruba_s3t8']"
125,Anguilla,Americas,Carribean,['f_file_name: anguilla_s3t8']
126,Belgium,Europe,Western Europe,"['V2022: [2001-2021](https://scholar.colorado.edu/concern/datasets/v692t736f)', 'V2024S1T5: [Nov 2000-July 2024](https://scholar.colorado.edu/concern/datasets/hh63sx489)', 'f_file_name: belgium_s5t11']"
127,Hong Kong,Asia,Eastern Asia,['f_file_name: hong_kong_s5t11']
128,Northern Mariana Islands,Oceania,Micronesia,['f_file_name: northern_mariana_islands_s3t8']
129,Faroe Islands,Europe,Northern Europe,['f_file_name: faroe_islands_s5t11']
130,Andorra,Europe,Southern Europe,"['V2024S1T5: [Nov 2000-July 2024](https://scholar.colorado.edu/concern/datasets/xp68kh87x)', 'f_file_name: andorra_s5t11']"
131,Gibraltar,Europe,Southern Europe,[]
132,Isle of Man,Europe,Northern Europe,['f_file_name: isle_of_man_s5t11']
133,Luxembourg,Europe,Western Europe,"['V2022: [2001-2021](https://scholar.colorado.edu/concern/datasets/v692t736f)', 'f_file_name: luxembourg_s5t11']"
134,Macau,Asia,Eastern Asia,"['V2024S1T5: [Nov 2000-July 2024](https://scholar.colorado.edu/concern/datasets/3f4627044)', 'f_file_name: macao_s1t2']"
135,Monaco,Europe,Western Europe,"['V2024S1T5: [Nov 2000-July 2024](https://scholar.colorado.edu/concern/datasets/2514nn122)', 'f_file_name: monaco_s5t11']"
136,Palestine,Asia,Western Asia,"['V2022: [2001-2021](https://scholar.colorado.edu/concern/datasets/5d86p139h)', 'V2024S1T5: [Nov 2000-July 2024](https://scholar.colorado.edu/concern/datasets/nc580p37t)', 'f_file_name: palestine_s5t11']"
137,Montenegro,Europe,Southern Europe,"['V2022: [2001-2021](https://scholar.colorado.edu/concern/datasets/7h149r07z)', 'V2024S1T5: [Nov 2000-July 2024](https://scholar.colorado.edu/concern/datasets/1g05fd436)', 'f_file_name: montenegro_s5t11']"
138,Mayotte,Africa,Eastern Africa,[]
139,Aland Islands,Europe,Northern Europe,"['V2024S1T5: [Nov 2000-July 2024](https://scholar.colorado.edu/concern/datasets/5138jg697)', 'f_file_name: aland_s5t11']"
140,Norfolk Island,Oceania,Australia and New Zealand,['f_file_name: norfolk_island_s3t8']
141,Cocos (Keeling) Islands,Oceania,Australia and New Zealand,[]
142,Antarctica,,Territory,[]
143,Bouvet Island,Africa,Southern Africa,[]
144,French Southern and Antarctic Lands,Africa,Eastern Africa,[]
145,Heard Island and McDonald Islands,,Territory,[]
146,British Indian Ocean Territory,Africa,Eastern Africa,['f_file_name: british_indian_ocean_territory_s3t8']
147,Christmas Island,Oceania,Australia and New Zealand,[]
148,United States Minor Outlying Islands,Americas,Northern America,[]
149,Vanuatu,Oceania,Melanesia,"['V2024S1T5: [Nov 2000-July 2024](https://scholar.colorado.edu/concern/datasets/z316q351t)', 'f_file_name: vanuatu_s3t8']"
150,Nigeria,Africa,Western Africa,"['V2022: [2001-2021](https://scholar.colorado.edu/concern/datasets/cv43nx78p)', 'V2024S1T5: [Nov 2000-July 2024](https://scholar.colorado.edu/concern/datasets/j6731584b)', 'f_file_name: nigeria_s1t1']"
151,Netherlands,Europe,Western Europe,"['V2022: [2001-2021](https://scholar.colorado.edu/concern/datasets/v692t736f)', 'V2024S1T5: [Nov 2000-July 2024](https://scholar.colorado.edu/concern/datasets/0k225c86c)', 'f_file_name: netherlands_s5t11']"
152,Norway,Europe,Northern Europe,"['V2022: [2001-2021](https://scholar.colorado.edu/concern/datasets/sb397945f)', 'V2024S1T5: [Nov 2000-July 2024](https://scholar.colorado.edu/concern/datasets/70795924h)', 'f_file_name: norway_s5t11']"
153,Nepal,Asia,Southern Asia,"['V2022: [2001-2021](https://scholar.colorado.edu/concern/datasets/mk61rj10w)', 'V2024S1T5: [Nov 2000-July 2024](https://scholar.colorado.edu/concern/datasets/c534fq757)', 'f_file_name: nepal_s3t8']"
154,Nauru,Oceania,Micronesia,['f_file_name: nauru_s3t8']
155,Suriname,Americas,South America,"['V2022: [2001-2021](https://scholar.colorado.edu/concern/datasets/qv33rx839)', 'V2024S1T5: [Nov 2000-July 2024](https://scholar.colorado.edu/concern/datasets/n583xw60q)', 'f_file_name: suriname_s3t8']"
156,Nicaragua,Americas,Central America,"['V2022: [2001-2021](https://scholar.colorado.edu/concern/datasets/vd66w1102)', 'V2024S1T5: [Nov 2000-July 2024](https://scholar.colorado.edu/concern/datasets/rb68xd57f)', 'f_file_name: nicaragua_s3t8']"
157,New Zealand,Oceania,Australia and New Zealand,"['V2022: [2001-2021](https://scholar.colorado.edu/concern/datasets/9g54xj88f)', 'V2024S1T5: [Nov 2000-July 2024](https://scholar.colorado.edu/concern/datasets/h989r495c)', 'f_file_name: new_zealand_s3t8']"
158,Paraguay,Americas,South America,"['V2022: [2001-2021](https://scholar.colorado.edu/concern/datasets/rb68xd05p)', 'V2024S1T5: [Nov 2000-July 2024](https://scholar.colorado.edu/concern/datasets/fn1070729)', 'f_file_name: paraguay_s1t2']"
159,Peru,Americas,South America,"['V2022: [2001-2021](https://scholar.colorado.edu/concern/datasets/x346d5616)', 'V2024S1T5: [Nov 2000-July 2024](https://scholar.colorado.edu/concern/datasets/wh246t78k)', 'f_file_name: peru_s3t8']"
160,Pakistan,Asia,Southern Asia,"['V2022: [2001-2021](https://scholar.colorado.edu/concern/datasets/47429b07v)', 'V2024S1T5: [Nov 2000-July 2024](https://scholar.colorado.edu/concern/datasets/8g84mn93n)', 'f_file_name: pakistan_s3t8']"
161,Poland,Europe,Eastern Europe,"['V2022: [2001-2021](https://scholar.colorado.edu/concern/datasets/v692t736f)', 'V2024S1T5: [Nov 2000-July 2024](https://scholar.colorado.edu/concern/datasets/4b29b7569)', 'f_file_name: poland_s5t11']"
162,Panama,Americas,Central America,"['V2022: [2001-2021](https://scholar.colorado.edu/concern/datasets/vd66w1102)', 'V2024S1T5: [Nov 2000-July 2024](https://scholar.colorado.edu/concern/datasets/6q182m92n)', 'f_file_name: panama_s3t8']"
163,Portugal,Europe,Southern Europe,"['V2022: [2001-2021](https://scholar.colorado.edu/concern/datasets/gb19f7006)', 'V2024S1T5: [Nov 2000-July 2024](https://scholar.colorado.edu/concern/datasets/f4752j497)', 'f_file_name: portugal_s5t11']"
164,Papua New Guinea,Oceania,Melanesia,"['V2022: [2001-2021](https://scholar.colorado.edu/concern/datasets/3r074w183)', 'V2024S1T5: [Nov 2000-July 2024](https://scholar.colorado.edu/concern/datasets/bk128c732)', 'f_file_name: papua_new_guinea_s1t2']"
165,Guinea-Bissau,Africa,Western Africa,"['V2022: [2001-2021](https://scholar.colorado.edu/concern/datasets/nc580n858)', 'V2024S1T5: [Nov 2000-Dec 2024](https://scholar.colorado.edu/concern/datasets/k643b3048)', 'f_file_name: guinea_bissau_s1t1']"
166,Qatar,Asia,Western Asia,"['V2022: [2001-2021](https://scholar.colorado.edu/concern/datasets/5d86p139h)', 'V2024S1T5: [Nov 2000-July 2024](https://scholar.colorado.edu/concern/datasets/j098zc672)', 'f_file_name: qatar_s5t11']"
167,Reunion,Africa,Eastern Africa,[]
168,Romania,Europe,Eastern Europe,"['V2022: [2001-2021](https://scholar.colorado.edu/concern/datasets/7h149r07z)', 'V2024S1T5: [Nov 2000-July 2024](https://scholar.colorado.edu/concern/datasets/w3763834n)', 'f_file_name: romania_s5t11']"
169,Republic of Moldova,Europe,Eastern Europe,"['V2022: [2001-2021](https://scholar.colorado.edu/concern/datasets/7h149r07z)', 'V2024S1T5: [Nov 2000-July 2024](https://scholar.colorado.edu/concern/datasets/d217qr276)', 'f_file_name: moldova_s5t11']"
170,Philippines,Asia,South-Eastern Asia,"['V2022: [2001-2021](https://scholar.colorado.edu/concern/datasets/7d278v06f)', 'V2024S1T5: [Nov 2000-July 2024](https://scholar.colorado.edu/concern/datasets/b8515q26w)', 'f_file_name: philippines_s1t2']"
171,Puerto Rico,Americas,Carribean,"['V2022: [2001-2021](https://scholar.colorado.edu/concern/datasets/x633f230f)', 'V2024S1T5: [Nov 2000-July 2024](https://scholar.colorado.edu/concern/datasets/gt54kq07d)', 'f_file_name: puerto_rico_s3t8']"
172,Russia,Europe,Eastern Europe,"['V2022: [2001-2021](https://scholar.colorado.edu/concern/datasets/q811kk87t)', 'V2024S1T5: [Nov 2000-July 2024](https://scholar.colorado.edu/concern/datasets/f7623f60g)', 'f_file_name: russia_s5t11']"
173,Rwanda,Africa,Eastern Africa,"['V2022: [2001-2021](https://scholar.colorado.edu/concern/datasets/st74cr782)', 'V2024S1T5: [Nov 2000-July 2024](https://scholar.colorado.edu/concern/datasets/jw827d403)', 'f_file_name: rwanda_s1t1']"
174,Saudi Arabia,Asia,Western Asia,"['V2022: [2001-2021](https://scholar.colorado.edu/concern/datasets/5d86p139h)', 'V2024S1T5: [Nov 2000-July 2024](https://scholar.colorado.edu/concern/datasets/g732db61d)', 'f_file_name: saudi_arabia_s5t11']"
175,Saint Kitts and Nevis,Americas,Carribean,"['V2022: [2001-2021](https://scholar.colorado.edu/concern/datasets/x633f230f)', 'V2024S1T5: [Nov 2000-July 2024](https://scholar.colorado.edu/concern/datasets/2f75r969z)', 'f_file_name: saint_kitts_and_nevis_s3t8']"
176,Seychelles,Africa,Eastern Africa,['f_file_name: seychelles_s3t8']
177,South Africa,Africa,Southern Africa,"['V2022: [2001-2021](https://scholar.colorado.edu/concern/datasets/rf55z8833)', 'V2024S1T5: [Nov 2000-July 2024](https://scholar.colorado.edu/concern/datasets/z603r0092)', 'f_file_name: south_africa_s1t1']"
178,Lesotho,Africa,Southern Africa,"['V2022: [2001-2021](https://scholar.colorado.edu/concern/datasets/cr56n229w)', 'V2024S1T5: [Nov 2000-July 2024](https://scholar.colorado.edu/concern/datasets/w6634543v)', 'f_file_name: lesotho_s1t1']"
179,Botswana,Africa,Southern Africa,"['V2022: [2001-2021](https://scholar.colorado.edu/concern/datasets/b8515p69g)', 'V2024S1T5: [Nov 2000-July 2024](https://scholar.colorado.edu/concern/datasets/nv9354593)', 'f_file_name: botswana_s1t1']"
180,Senegal,Africa,Western Africa,"['V2022: [2001-2021](https://scholar.colorado.edu/concern/datasets/tt44pp176)', 'V2024S1T5: [Nov 2000-July 2024](https://scholar.colorado.edu/concern/datasets/v118rg081)', 'f_file_name: senegal_s1t1']"
181,Slovenia,Europe,Southern Europe,"['V2022: [2001-2021](https://scholar.colorado.edu/concern/datasets/7h149r07z)', 'V2024S1T5: [Nov 2000-July 2024](https://scholar.colorado.edu/concern/datasets/tq57ns75v)', 'f_file_name: slovenia_s5t11']"
182,Sierra Leone,Africa,Western Africa,"['V2022: [2001-2021](https://scholar.colorado.edu/concern/datasets/5712m779r)', 'V2024S1T5: [Nov 2000-July 2024](https://scholar.colorado.edu/concern/datasets/r781wh64b)', 'f_file_name: sierra_leone_s1t1']"
183,Singapore,Asia,South-Eastern Asia,"['V2024S1T5: [Nov 2000-July 2024](https://scholar.colorado.edu/concern/datasets/12579t91m)', 'f_file_name: singapore_s1t2']"
184,Spain,Europe,Southern Europe,"['V2022: [2001-2021](https://scholar.colorado.edu/concern/datasets/gb19f7006)', 'V2024S1T5: [Nov 2000-July 2024](https://scholar.colorado.edu/concern/datasets/xw42n953k)', 'f_file_name: spain_s5t11']"
185,Saint Lucia,Americas,Carribean,['f_file_name: saint_lucia_s3t8']
186,Sudan,Africa,Northern Africa,[]
187,Sweden,Europe,Northern Europe,"['V2022: [2001-2021](https://scholar.colorado.edu/concern/datasets/sb397945f)', 'V2024S1T5: [Nov 2000-July 2024](https://scholar.colorado.edu/concern/datasets/1j92g930b)', 'f_file_name: sweden_s5t11']"
188,Syrian Arab Republic,Asia,Western Asia,"['V2022: [2001-2021](https://scholar.colorado.edu/concern/datasets/5d86p139h)', 'V2024S1T5: [Nov 2000-July 2024](https://scholar.colorado.edu/concern/datasets/765373194)', 'f_file_name: syria_s5t11']"
189,Switzerland,Europe,Western Europe,"['V2022: [2001-2021](https://scholar.colorado.edu/concern/datasets/v692t736f)', 'V2024S1T5: [Nov 2000-July 2024](https://scholar.colorado.edu/concern/datasets/1g05fd42x)', 'f_file_name: switzerland_s5t11']"
190,Trinidad and Tobago,Americas,Carribean,"['V2022: [2001-2021](https://scholar.colorado.edu/concern/datasets/x633f230f)', 'V2024S1T5: [Nov 2000-July 2024](https://scholar.colorado.edu/concern/datasets/9c67wp39g)', 'f_file_name: trinidad_and_tobago_s3t8']"
191,Thailand,Asia,South-Eastern Asia,"['V2022: [2001-2021](https://scholar.colorado.edu/concern/datasets/xs55md39h)', 'V2024S1T5: [Nov 2000-July 2024](https://scholar.colorado.edu/concern/datasets/qj72p868k)', 'f_file_name: thailand_s1t2']"
192,Tajikistan,Asia,Central Asia,"['V2022: [2001-2021](https://scholar.colorado.edu/concern/datasets/47429b07v)', 'V2024S1T5: [Nov 2000-July 2024](https://scholar.colorado.edu/concern/datasets/9k41zg39z)', 'f_file_name: tajikistan_s3t8']"
193,Tokelau,Oceania,Polynesia,[]
194,Tonga,Oceania,Polynesia,['f_file_name: tonga_s3t8']
195,Togo,Africa,Western Africa,"['V2022: [2001-2021](https://scholar.colorado.edu/concern/datasets/fj236325p)', 'V2024S1T5: [Nov 2000-July 2024](https://scholar.colorado.edu/concern/datasets/qf85nd104)', 'f_file_name: togo_s1t1']"
196,Sao Tome and Principe,Africa,Middle Africa,"['V2024S1T5: [Nov 2000-July 2024](https://scholar.colorado.edu/concern/datasets/2227mr49g)', 'f_file_name: sao_tome_and_principe_s1t1']"
197,Tunisia,Africa,Northern Africa,"['V2022: [2001-2021](https://scholar.colorado.edu/concern/datasets/8910jv77j)', 'V2024S1T5: [Nov 2000-July 2024](https://scholar.colorado.edu/concern/datasets/kp78gj27x)', 'f_file_name: tunisia_s5t11']"
198,Turkey,Asia,Western Asia,"['V2022: [2001-2021](https://scholar.colorado.edu/concern/datasets/7h149r07z)', 'f_file_name: turkey_s3t8']"
199,Tuvalu,Oceania,Polynesia,[]
200,Turkmenistan,Asia,Central Asia,"['V2022: [2001-2021](https://scholar.colorado.edu/concern/datasets/47429b07v)', 'V2024S1T5: [Nov 2000-July 2024](https://scholar.colorado.edu/concern/datasets/4m90dx24j)', 'f_file_name: turkmenistan_s3t8']"
201,United Republic of Tanzania,Africa,Eastern Africa,"['V2022: [2001-2021](https://scholar.colorado.edu/concern/datasets/7w62f947x)', 'V2024S1T5: [Nov 2000-July 2024](https://scholar.colorado.edu/concern/datasets/76537320w)', 'f_file_name: tanzania_s1t1']"
202,Uganda,Africa,Eastern Africa,"['V2022: [2001-2021](https://scholar.colorado.edu/concern/datasets/hh63sx004)', 'V2024S1T5: [Nov 2000-July 2024](https://scholar.colorado.edu/concern/datasets/7d278v62s)', 'f_file_name: uganda_s1t1']"
203,United Kingdom,Europe,Northern Europe,"['V2022: [2001-2021](https://scholar.colorado.edu/concern/datasets/pc289k33c)', 'V2024S1T5: [Nov 2000-July 2024](https://scholar.colorado.edu/concern/datasets/sf268684c)', 'f_file_name: united_kingdom_s5t11']"
204,Ukraine,Europe,Eastern Europe,"['V2022: [2001-2021](https://scholar.colorado.edu/concern/datasets/7h149r07z)', 'V2024S1T5: [Nov 2000-July 2024](https://scholar.colorado.edu/concern/datasets/08612q18f)', 'f_file_name: ukraine_s5t11']"
205,Burkina Faso,Africa,Western Africa,"['V2022: [2001-2021](https://scholar.colorado.edu/concern/datasets/9g54xj875)', 'V2024S1T5: [Nov 2000-July 2024](https://scholar.colorado.edu/concern/datasets/x633f2869)', 'f_file_name: burkina_faso_s1t1']"
206,Uruguay,Americas,South America,"['V2022: [2001-2021](https://scholar.colorado.edu/concern/datasets/q524jq130)', 'V2024S1T5: [Nov 2000-July 2024](https://scholar.colorado.edu/concern/datasets/q237ht604)', 'f_file_name: uruguay_s1t2']"
207,Uzbekistan,Asia,Central Asia,"['V2022: [2001-2021](https://scholar.colorado.edu/concern/datasets/47429b07v)', 'V2024S1T5: [Nov 2000-July 2024](https://scholar.colorado.edu/concern/datasets/ff365704w)', 'f_file_name: uzbekistan_s3t8']"
208,Saint Vincent and the Grenadines,Americas,Carribean,['f_file_name: saint_vincent_and_the_grenadines_s3t8']
209,Venezuela,Americas,South America,"['V2022: [2001-2021](https://scholar.colorado.edu/concern/datasets/7m01bm95m)', 'V2024S1T5: [Nov 2000-July 2024](https://scholar.colorado.edu/concern/datasets/c534fq76h)', 'f_file_name: venezuela_s1t2']"
210,British Virgin Islands,Americas,Carribean,"['V2022: [2001-2021](https://scholar.colorado.edu/concern/datasets/x633f230f)', 'V2024S1T5: [Nov 2000-July 2024](https://scholar.colorado.edu/concern/datasets/jq085m540)', 'f_file_name: british_virgin_islands_s3t8']"
211,Viet Nam,Asia,South-Eastern Asia,"['V2022: [2001-2021](https://scholar.colorado.edu/concern/datasets/h702q7566)', 'V2024S1T5: [Nov 2000-July 2024](https://scholar.colorado.edu/concern/datasets/rn301342p)', 'f_file_name: vietnam_s1t2']"
212,United States Virgin Islands,Americas,Carribean,"['V2024S1T5: [Nov 2000-July 2024](https://scholar.colorado.edu/concern/datasets/pv63g214m)', 'f_file_name: united_states_virgin_islands_s3t8']"
213,Namibia,Africa,Southern Africa,"['V2022: [2001-2021](https://scholar.colorado.edu/concern/datasets/db78td244)', 'V2024S1T5: [Nov 2000-July 2024](https://scholar.colorado.edu/concern/datasets/5999n508g)', 'f_file_name: namibia_s1t1']"
214,Wallis and Futuna Islands,Oceania,Polynesia,['f_file_name: wallis_and_futuna_s3t8']
215,Samoa,Oceania,Polynesia,"['V2024S1T5: [Nov 2000-July 2024](https://scholar.colorado.edu/concern/datasets/kw52j9917)', 'f_file_name: samoa_s3t8']"
216,Swaziland,Africa,Southern Africa,"['V2022: [2001-2021](https://scholar.colorado.edu/concern/datasets/9w0324116)', 'V2024S1T5: [Nov 2000-July 2024](https://scholar.colorado.edu/concern/datasets/2j62s642s)', 'f_file_name: eswatini_s1t1']"
217,Yemen,Asia,Western Asia,"['V2022: [2001-2021](https://scholar.colorado.edu/concern/datasets/5d86p139h)', 'V2024S1T5: [Nov 2000-July 2024](https://scholar.colorado.edu/concern/datasets/qb98mg91w)', 'f_file_name: yemen_s5t11']"
218,Zambia,Africa,Eastern Africa,"['V2022: [2001-2021](https://scholar.colorado.edu/concern/datasets/6108vc441)', 'V2024S1T5: [Nov 2000-July 2024](https://scholar.colorado.edu/concern/datasets/qv33rz46c)', 'f_file_name: zambia_s1t1']"
219,Zimbabwe,Africa,Eastern Africa,"['V2022: [2001-2021](https://scholar.colorado.edu/concern/datasets/f7623d95c)', 'V2024S1T5: [Nov 2000-July 2024](https://scholar.colorado.edu/concern/datasets/np193b769)', 'f_file_name: zimbabwe_s1t1']"
220,Indonesia,Asia,South-Eastern Asia,"['V2022: [2001-2021](https://scholar.colorado.edu/concern/datasets/p2676w918)', 'V2024S1T5: [Nov 2000-Dec 2024](https://scholar.colorado.edu/concern/datasets/3b591b55c)', 'f_file_name: indonesia_s1t2']"
221,Guadeloupe,Americas,Carribean,"['V2022: [Nov 2001-Mar 2021](https://scholar.colorado.edu/concern/datasets/x633f230f)', 'f_file_name: guadelopupe_and_martinique_s3t8']"
222,Netherlands Antilles,Americas,Carribean,[]
223,United Arab Emirates,Asia,Western Asia,"['V2022: [2001-2021](https://scholar.colorado.edu/concern/datasets/5d86p139h)', 'V2024S1T5: [Nov 2000-July 2024](https://scholar.colorado.edu/concern/datasets/5138jg718)', 'f_file_name: united_arab_emirates_s5t11']"
224,Timor-Leste,Asia,South-Eastern Asia,"['V2022: [2001-2021](https://scholar.colorado.edu/concern/datasets/j098zc184)', 'V2024S1T5: [Nov 2000-July 2024](https://scholar.colorado.edu/concern/datasets/c247dt86h)', 'f_file_name: east_timor_s3t8']"
225,Pitcairn Islands,Oceania,Polynesia,['f_file_name: pitcairn_islands_s3t8']
226,Palau,Oceania,Micronesia,['f_file_name: palau_s3t8']
227,Marshall Islands,Oceania,Micronesia,['f_file_name: marshall_islands_s3t8']
228,Saint Pierre and Miquelon,Americas,Northern America,['f_file_name: saint_pierre_and_miquelon_s3t8']
229,Saint Helena,Africa,Western Africa,['f_file_name: saint_helena_s3t8']
230,San Marino,Europe,Southern Europe,"['V2024S1T5: [Nov 2000-July 2024](https://scholar.colorado.edu/concern/datasets/zk51vj568)', 'f_file_name: san_marino_s3t8']"
231,Turks and Caicos Islands,Americas,Carribean,"['V2024S1T5: [Nov 2000-July 2024](https://scholar.colorado.edu/concern/datasets/cv43nz30q)', 'f_file_name: turks_and_caicos_islands_s3t8']"
232,Western Sahara,Africa,Northern Africa,['f_file_name: western_sahara_s5t11']
233,Holy See (Vatican City),Europe,Southern Europe,['f_file_name: vatican_s5t11']
234,Svalbard,Europe,Northern Europe,[]
235,Saint Martin,Americas,Carribean,['f_file_name: saint_martin_s3t8']
236,Saint Barthelemy,Americas,Carribean,"['V2022: [2001-2021](https://scholar.colorado.edu/concern/datasets/x633f230f)', 'V2024S1T5: [Nov 2000-July 2024](https://scholar.colorado.edu/concern/datasets/h989r4943)', 'f_file_name: saint_barthelemy_s3t8']"
237,Guernsey,Europe,Northern Europe,"['V2024S1T5: [Nov 2000-July 2024](https://scholar.colorado.edu/concern/datasets/bz60cx90j)', 'f_file_name: guernsey_s5t11']"
238,Jersey,Europe,Northern Europe,['f_file_name: jersey_s5t11']
239,South Georgia South Sandwich Islands,Americas,South America,['f_file_name: south_georgia_and_the_islands_s3t8']
240,Taiwan,Asia,Eastern Asia,"['V2022: [2001-2021](https://scholar.colorado.edu/concern/datasets/df65v9276)', 'V2024S1T5: [Nov 2000-July 2024](https://scholar.colorado.edu/concern/datasets/6t053h714)', 'f_file_name: taiwan_s1t2']"
241,Australia,Oceania,Australia and New Zealand,"['New South Wales-V2022: [2001-2021](https://scholar.colorado.edu/concern/datasets/37720d85c)', 'Northern Territory-V2022: [2001-2021](https://scholar.colorado.edu/concern/datasets/bn9997900)', 'Queensland-V2022: [2001-2021](https://scholar.colorado.edu/concern/datasets/cr56n230n)', 'South Australia-V2022: [2001-2021](https://scholar.colorado.edu/concern/datasets/fn107015p)', 'Tasmania-V2022: [2001-2021](https://scholar.colorado.edu/concern/datasets/c534fq19w)', 'Victoria-V2022: [2001-2021](https://scholar.colorado.edu/concern/datasets/2r36tz74f)', 'Western Australia-V2022: [2001-2021](https://scholar.colorado.edu/concern/datasets/k35695559)', 'Australia-V2024S1T5: [Nov 2000-July 2024](https://scholar.colorado.edu/concern/datasets/x059c9152)', 'New South Wales-V2024S1T5: [Nov 2000-July 2024](https://scholar.colorado.edu/concern/datasets/x059c9152)', 'Northern Territory-V2024S1T5: [Nov 2000-July 2024](https://scholar.colorado.edu/concern/datasets/x059c9152)', 'Queensland-V2024S1T5: [Nov 2000-July 2024](https://scholar.colorado.edu/concern/datasets/x059c9152)', 'South Australia-V2024S1T5: [Nov 2000-July 2024](https://scholar.colorado.edu/concern/datasets/x059c9152)', 'Tasmania-V2024S1T5: [Nov 2000-July 2024](https://scholar.colorado.edu/concern/datasets/x059c9152)', 'Victoria-V2024S1T5: [Nov 2000-July 2024](https://scholar.colorado.edu/concern/datasets/x059c9152)', 'Western Australia-V2024S1T5: [Nov 2000-July 2024](https://scholar.colorado.edu/concern/datasets/x059c9152)', 'Ashmore and Cartier Islands-f_file_name: ashmore_and_cartier_islands_s3t8', 'Australia-f_file_name: australia_s3t8', 'Indian Ocean Territories-f_file_name: indian_ocean_territories_s3t8']"
242,Cyprus,Asia,Western Asia,"['Cyprus-V2024S1T5: [Nov 2000-July 2024](https://scholar.colorado.edu/concern/datasets/tx31qk48f)', 'Northern Cyprus-V2024S1T5: [Nov 2000-July 2024](https://scholar.colorado.edu/concern/datasets/4m90dx238)', 'Cyprus-f_file_name: cyprus_s3t8', 'Northern Cyprus-f_file_name: northern_cyprus_s5t11']"
243,Somalia,Africa,Eastern Africa,"['Somalia-V2022: [2001-2021](https://scholar.colorado.edu/concern/datasets/xd07gt798)', 'Somaliland-V2022: [2001-2021](https://scholar.colorado.edu/concern/datasets/8c97kr53f)', 'Somalia-V2024S1T5: [Nov 2000-July 2024](https://scholar.colorado.edu/concern/datasets/q524jq68k)', 'Somaliland-V2024S1T5: [Nov 2000-July 2024](https://scholar.colorado.edu/concern/datasets/08612q175)', 'Somalia-f_file_name: somalia_s5t11', 'Somaliland-f_file_name: somaliland_s5t11']"
244,United States,Americas,Northern America,"['Usa Alaska-V2022: [2001-2021](https://scholar.colorado.edu/concern/datasets/d504rm74m)', 'Usa Hawaii-V2022: [2001-2021](https://scholar.colorado.edu/concern/datasets/7h149r06p)', 'Usa Lower48-V2022: [2001-2021](https://scholar.colorado.edu/concern/datasets/8336h304x)', 'Usa Alaska-V2024S1T5: [Nov 2001- July 2024](https://scholar.colorado.edu/concern/datasets/fx719p11c)', 'Usa Hawaii-V2024S1T5: [Nov 2000-Dec 2024](https://scholar.colorado.edu/concern/datasets/sn00b078q)', 'Usa Lower48-V2024S1T5: [Nov 2000-July 2024](https://scholar.colorado.edu/concern/datasets/0g354g88p)', 'Usa Alaska-f_file_name: usa_alaska_s5t11', 'Usa Hawaii-f_file_name: usa_hawaii_s3t8', 'Usa Lower48-f_file_name: usa_lower48_s5t11']"
245,Serbia,Europe,Southern Europe,"['Republic Of Serbia-V2022: [2001-2021](https://scholar.colorado.edu/concern/datasets/7h149r07z)', 'Kosovo-V2024S1T5: [Nov 2000-July 2024](https://scholar.colorado.edu/concern/datasets/f1881n864)', 'Republic Of Serbia-V2024S1T5: [Nov 2000-July 2024](https://scholar.colorado.edu/concern/datasets/5h73pz01v)', 'Kosovo-f_file_name: kosovo_s5t11', 'Republic Of Serbia-f_file_name: republic_of_serbia_s5t11']"
